What is an API Gateway and how does it differ from a BFF and an Ingress?|API Gateway is an edge service handling routing authN/Z rate limiting CORS TLS and aggregation; a BFF is a gateway tailored per client/app shaping responses and owning client-specific logic; an Ingress is a cluster entry (e.g., K8s) providing L7 routing/termination but not app-level policies.|interview java api-gateway
List common cross-cutting concerns handled at the API Gateway.|AuthN/JWT validation scope-based authZ rate limiting quotas CORS TLS termination header normalization request/response transformation observability and caching.|interview java api-gateway
How do you avoid the API Gateway becoming a single point of failure?|Run stateless multiple instances across AZs use health checks and autoscaling store config as code with canary/shadow rollouts apply timeouts retries and circuit breakers at the edge.|interview java api-gateway
When should you prefer a BFF per client over a shared Gateway?|When clients have distinct UX and data shapes needing tailored aggregation and iteration speed per team; trade-off is duplication and higher ops overhead.|interview java api-gateway
What is a Circuit Breaker and its states?|A resilience pattern that prevents cascades by short-circuiting failing calls; states: Closed (normal) Open (short-circuit) Half-Open (trial).|interview java circuit-breaker
How would you tune breakers for spiky latency and intermittent 5xx?|Use small timeouts near SLO budget limited retries with jitter moderate failureRate threshold sliding window and short cool-down; ensure safe fallbacks and monitor.|interview java circuit-breaker
How do bulkheads differ from circuit breakers?|Bulkheads isolate resources like threads/connections to contain failure domains; breakers gate calls based on recent errors/timeouts; they complement each other.|interview java circuit-breaker
Key metrics for circuit breakers?|Call count failure rate slow call rate state transitions fallback counts p95/p99 latency saturation.|interview java circuit-breaker
Define CQRS.|Separates command/write model from query/read model to optimize and scale independently often with events building denormalized read models.|interview java cqrs
How do you propagate changes from write to read in CQRS?|Use domain events with a transactional outbox publish to a log (Kafka) and project into read stores idempotently.|interview java cqrs
How do you ensure idempotency in read projections?|Use upserts and id/version keys deduplicate on event id apply version checks and make handlers idempotent.|interview java cqrs
When is CRUD preferable to CQRS?|When the domain is simple scale is modest and reads/writes are symmetric; CQRS adds complexity and eventual consistency.|interview java cqrs
Define Event Sourcing.|Persist domain events as the source of truth and rebuild state by replaying events optionally with snapshots to speed loads.|interview java event-sourcing
What does the storage layout look like for event sourcing?|Append-only per-aggregate streams with ordered version numbers plus optional global log and snapshots; outbox/log for integrations.|interview java event-sourcing
How do you handle event schema evolution?|Version events prefer additive changes use up-casters at read possibly topic versioning and contract tests; deprecate old versions over time.|interview java event-sourcing
How to handle PII deletion in event-sourced systems?|Use tokenization store PII separately or encrypt with per-subject keys to enable crypto-erasure redact in projections.|interview java event-sourcing
What is the Saga pattern and why over 2PC?|A sequence of local transactions coordinated with compensations to achieve cross-service consistency avoiding tight coupling and lock contention of 2PC.|interview java saga-pattern
Orchestration vs Choreography in Sagas?|Orchestration uses a central workflow to drive steps and compensations; choreography uses events with participants reacting; orchestration offers clarity choreography reduces central coupling.|interview java saga-pattern
How do you ensure idempotency in saga compensations?|Include sagaId and step in messages dedupe retries make compensations safe to repeat and use DLQs for manual handling.|interview java saga-pattern
Timeouts and retries in Sagas: best practices?|Set per-step timeouts backoff with jitter provide DLQs and observability of saga state to detect and recover stuck workflows.|interview java saga-pattern
Key tenets of Microservices decomposition.|Decompose by business capability bounded contexts not technical layers; one team per service clear ownership.|interview java microservices
Data patterns in Microservices.|Database-per-service integrate via events avoid shared schemas use outbox CDC for integration.|interview java microservices
Zero-downtime migration steps.|Expand (add compatible schema) migrate/backfill switch reads/writes then contract (remove old) with canary and feature flags.|interview java microservices
Common microservices anti-patterns.|Shared database chatty synchronous calls over-granular tiny services lack of observability.|interview java microservices
Client-side vs Server-side service discovery.|Client-side queries a registry (Eureka/Consul) and picks instances; server-side uses LB/Ingress (K8s Service/ALB) to resolve and route.|interview java service-discovery
How does Kubernetes provide service discovery?|Via Services and DNS names like http://service.namespace.svc.cluster.local with readiness/liveness removing unhealthy pods.|interview java service-discovery
Why are heartbeats and eviction important in discovery?|They prevent stale entries and black-hole traffic by removing unhealthy or disappeared instances quickly.|interview java service-discovery
What is zone-aware routing and why?|Prefer same-zone instances to reduce latency and cost with fallback to other zones during failures.|interview java service-discovery
What does the Senior Backend Architecture Hub cover?|It links advanced backend topics like domain architecture, distributed data, resilience, messaging, observability, security, delivery excellence, and system design drills.|interview java architecture
When do you split a modular monolith into microservices per the Architecture And Domain Design playbook?|Extract services once team autonomy or scaling necessitates it, after enforcing module boundaries and preparing contracts/feature flags for safe incremental cutover.|interview java architecture ddd
How do you achieve zero-downtime schema evolution from Distributed Data And Transactions?|Follow expand → backfill → contract with dual writes, backward-compatible events/APIs, and automated verification before dropping legacy structures.|interview java data
What are key pillars of High-Traffic Resilience?|Load management (autoscale, shedding), resilience patterns (CB, retries, bulkheads), chaos/game days, and mature incident response tied to SLIs/SLOs.|interview java resilience
What safeguards drive reliable messaging pipelines?|Use outbox/CDC for transactional emit, enforce schema registry compatibility, design idempotent consumers, manage DLQs, and plan for partitioning/replication.|interview java messaging
How do senior teams instrument services according to Performance And Observability?|Tune JVMs, profile hot paths, add OpenTelemetry traces, RED/USE metrics, structured logs with correlation IDs, and enforce alert/runbook hygiene.|interview java observability
What are core security responsibilities for backend leads?|Threat modeling, OAuth2/OIDC and mTLS enforcement, secrets rotation, data encryption/PII handling, audit trails, and coordinating compliance frameworks like SOC2 or GDPR.|interview java security
Which delivery practices support operational excellence?|Trunk-based or short-lived branches, progressive delivery with feature flags/canaries, IaC governance, cost management, and tracking DORA metrics plus post-incident learning.|interview java devops
How do you frame system design scenarios for senior interviews?|Clarify SLAs/regulatory needs, sketch architecture/data flows, address scaling/caching/resilience, plan observability and deployment, and call out trade-offs and iteration path.|interview java system-design
What is the current Java release cadence and LTS rhythm?|Feature releases ship every six months; an LTS arrives every three years (e.g., 17 in 2021, 21 in 2023) with vendor-dependent support windows.|interview java versions
Why did Java 17 become the enterprise baseline?|It finalized records, sealed classes, pattern matching, modern low-pause GCs, and offers long vendor support while enforcing stronger encapsulation.|interview java java17
How do sealed classes and records help domain modeling?|Sealed classes restrict inheritance for safe exhaustiveness checks, while records provide concise immutable data carriers for DTO/value objects.|interview java java17
What production benefits come from Java 21 virtual threads?|They enable thread-per-request models with minimal overhead, simplifying blocking code while boosting concurrency when paired with structured concurrency tools.|interview java java21
Which upgrades accompany Java 21 beyond virtual threads?|Record patterns, pattern-matching switch, sequenced collections, generational ZGC, Vector API incubator, and modern crypto APIs like KEM.|interview java java21
What is the upgrade playbook when adopting a new Java LTS?|Validate dependency/tool compatibility, update container base images, run tests with preview flags if needed, monitor GC/memory changes, and canary deploy before full rollout.|interview java versions
Which preview features headline Java 22?|String templates, structured concurrency, scoped values, unnamed patterns/variables, stream gatherers, and the new Class-File API remain in preview/incubator status.|interview java java22
How does Java 23 advance Loom and developer ergonomics?|It ships third previews for structured concurrency and scoped values, refines string templates/implicit mains, and adds Markdown Javadoc plus updated Vector API builds.|interview java java23
What should you highlight about Java 22/23 in interviews?|Emphasize tracking previews before Java 25 LTS, piloting virtual-thread enhancements, and validating framework/tool support with `--enable-preview` pipelines.|interview java versions
What are the default server GC choices across recent Java releases?|G1 GC stays default for Java 17–23, with production-ready alternatives like ZGC/Shenandoah (17+) and generational ZGC preview in 21+ for low-latency workloads.|interview java gc
What problem does the Aurora Orders concept app solve?|A global retail order management platform covering catalog browse, checkout, fulfillment orchestration, and operations analytics across regions.|interview java platform
How is Redis used in the Aurora Orders stack?|Clustered Redis handles sessions, carts, inventory snapshots, rate limiting, idempotency keys, and optional pub/sub with tuned eviction and persistence.|interview java redis
What are key Postgres architecture choices for Aurora Orders?|Bounded-context schemas, row-level security, partitioned tables, JSONB for flexible fields, regional primaries with replicas/CDC, and strong governance.|interview java postgres
Why pair Elasticsearch and Kibana with the backend services?|Elasticsearch powers catalog search, near-real-time analytics, and log storage, while Kibana delivers dashboards, alerts, and incident triage views.|interview java elastic
What Kubernetes practices support the platform at scale?|Regional managed clusters, GitOps deployments, service mesh, HPA/KEDA scaling, pod disruption budgets, chaos testing, and policy enforcement via OPA.|interview java kubernetes
How is CI/CD structured for Aurora Orders?|CI runs tests, security scans, and SBOM signing; CD uses GitOps with canary rollouts, feature flags, observability hooks, and automated rollbacks/compliance gates.|interview java cicd
What framework guides technology selection decisions?|Use evaluation criteria (business fit, expertise, ecosystem, operations, TCO) documented via ADRs, spikes, risk assessments, and roadmap alignment.|interview java architecture
How does the Aurora Orders architecture connect services and data stores?|Clients hit the gateway/BFF, which routes to bounded-context services backed by Postgres, Redis, Kafka, and Elasticsearch with telemetry exported to Kibana.|interview java architecture
Outline the checkout-to-fulfillment sequence for Aurora Orders.|Checkout validates cart and pricing, Order Service writes saga state, Payments authorizes, Inventory reserves, events flow via Kafka to notifications and analytics.|interview java system-design
What does the multi-region deployment topology look like?|Global DNS/WAF fans into Kubernetes clusters per region, each running core services with managed Kafka, Redis, Postgres, while GitOps/Argo and shared observability span all clusters.|interview java kubernetes
Where do I begin when exploring this interview-prep vault?|Start from the README for conventions, then jump into hubs like Java Design Patterns, Senior Backend Architecture, Platform Stack Index, and Java Version Updates.|interview java meta
